[
  {
    "model": "testApp.Campsite",
    "pk1": 1,
    "fields": {
      "field_owner": 1,
      "average_rating": 4.25,
      "field_name": "Zielona Przystan",
      "field_address": "Akacjowa 15,Sobotka",
      "field_description": "",
      "field_locality": "Sobotka",
      "field_photo": "images/tent1.jpg",
      "field_postal_code": "",
      "ratings_number": 15,
      "field_email": "",
      "field_phone_number": "",
      "field_website": ""
    }
  },
  {
    "model": "testApp.Campsite",
    "pk1": 2,
    "fields": {
      "field_owner": 1,
      "average_rating": 4.25,
      "field_name": "Borowkowa Dolina",
      "field_address": "Akacjowa 15,Gdynia",
      "field_description": "",
      "field_locality": "Gdynia",
      "field_photo": "images/tent2.jpg",
      "field_postal_code": "",
      "ratings_number": 15,
      "field_email": "",
      "field_phone_number": "",
      "field_website": ""
    }
  },
  {
    "model": "testApp.Campsite",
    "pk1": 3,
    "fields": {
      "field_owner": 1,
      "average_rating": 4.25,
      "field_name": "Zagajony Zagajnik",
      "field_address": "Baltycka 15,Sopot",
      "field_description": "",
      "field_locality": "Sopot",
      "field_photo": "images/tent3.jpg",
      "field_postal_code": "",
      "ratings_number": 15,
      "field_email": "",
      "field_phone_number": "",
      "field_website": ""
    }
  },
  {
    "model": "testApp.Campsite",
    "pk1": 4,
    "fields": {
      "field_owner": 2,
      "average_rating": 4.25,
      "field_name": "Sloneczna Kawerna",
      "field_address": "Kocka 15,Radom",
      "field_description": "",
      "field_locality": "Radom",
      "field_photo": "images/tent4.jpg",
      "field_postal_code": "",
      "ratings_number": 15,
      "field_email": "",
      "field_phone_number": "",
      "field_website": ""
    }
  },
  {
    "model": "testApp.Campsite",
    "pk1": 5,
    "fields": {
      "field_owner": 2,
      "average_rating": 4.25,
      "field_name": "Bagnisty Staw",
      "field_address": "Kasztanowa 15,Opole",
      "field_description": "",
      "field_locality": "Opole",
      "field_photo": "images/tent5.jpg",
      "field_postal_code": "",
      "ratings_number": 15,
      "field_email": "",
      "field_phone_number": "",
      "field_website": ""
    }
  },
  {
    "model": "testApp.Campsite",
    "pk1": 6,
    "fields": {
      "field_owner": 3,
      "average_rating": 4.25,
      "field_name": "Suche Wrzosowisko",
      "field_address": "Pomorska 15,Opole",
      "field_description": "",
      "field_locality": "Nysa",
      "field_photo": "images/tent6.jpg",
      "field_postal_code": "",
      "ratings_number": 15,
      "field_email": "",
      "field_phone_number": "",
      "field_website": ""
    }
  },
  {
    "model": "testApp.Campsite",
    "pk1": 7,
    "fields": {
      "field_owner": 4,
      "average_rating": 4.25,
      "field_name": "Niezdecydowany Skrzat",
      "field_address": "Akacjowa 15,Glubczyce",
      "field_description": "",
      "field_locality": "Głubczyce",
      "field_photo": "images/tent7.jpg",
      "field_postal_code": "",
      "ratings_number": 15,
      "field_email": "",
      "field_phone_number": "",
      "field_website": ""
    }
  },
  {
    "model": "testApp.Campsite",
    "pk1": 8,
    "fields": {
      "field_owner": 4,
      "average_rating": 4.25,
      "field_name": "Wybujaly pak",
      "field_address": "Wodna 15,Krosnowice",
      "field_description": "",
      "field_locality": "Krosnowice",
      "field_photo": "images/tent8.jpg",
      "field_postal_code": "",
      "ratings_number": 15,
      "field_email": "",
      "field_phone_number": "",
      "field_website": ""
    }
  },
  {
    "model": "testApp.Campsite",
    "pk1": 9,
    "fields": {
      "field_owner": 4,
      "average_rating": 4.25,
      "field_name": "Marzena",
      "field_address": "Polna 15,Wilczyce",
      "field_description": "Desc of field Marzena",
      "field_locality": "Wilczyce",
      "field_photo": "images/tent9.jpg",
      "field_postal_code": "",
      "ratings_number": 15
    }
  }
]