[
  {
    "model": "testApp.Convenience",
    "pk1": 1,
    "fields": {
      "campsite": 1,
      "canteen": true,
      "easy_access": true,
      "equipment_rental": true,
      "parking": true,
      "shower": true,
      "wifi": true
    }
  },
  {
    "model": "testApp.Convenience",
    "pk1": 2,
    "fields": {
      "campsite": 2
    }
  },
  {
    "model": "testApp.Convenience",
    "pk1": 3,
    "fields": {
      "campsite": 3,
      "canteen": true,
      "easy_access": true,
      "equipment_rental": true,
      "parking": true,
      "shower": true,
      "wifi": true
    }
  },
  {
    "model": "testApp.Convenience",
    "pk1": 4,
    "fields": {
      "campsite": 4,
      "canteen": false,
      "easy_access": true,
      "equipment_rental": true,
      "parking": false,
      "shower": true,
      "wifi": true
    }
  },
  {
    "model": "testApp.Convenience",
    "pk1": 5,
    "fields": {
      "campsite": 5,
      "canteen": true,
      "easy_access": false,
      "equipment_rental": true,
      "parking": true,
      "shower": false,
      "wifi": true
    }
  },
  {
    "model": "testApp.Convenience",
    "pk1": 6,
    "fields": {
      "campsite": 6,
      "canteen": true,
      "equipment_rental": true,
      "parking": true,
      "shower": true,
      "wifi": true
    }
  },
  {
    "model": "testApp.Convenience",
    "pk1": 7,
    "fields": {
      "campsite": 7,
      "canteen": true,
      "easy_access": true,
      "equipment_rental": true,
      "parking": false,
      "shower": false,
      "wifi": false
    }
  },
  {
    "model": "testApp.Convenience",
    "pk1": 8,
    "fields": {
      "campsite": 8,
      "canteen": false,
      "easy_access": false,
      "equipment_rental": false,
      "parking": true,
      "shower": true,
      "wifi": true
    }
  },
  {
    "model": "testApp.Convenience",
    "pk1": 9,
    "fields": {
      "campsite": 9,
      "canteen": true,
      "easy_access": false,
      "equipment_rental": true,
      "parking": false,
      "shower": true,
      "wifi": false
    }
  }
]