[
    {
    "model": "testApp.FieldOwner",
    "pk1": 1,
    "fields": {
      "user": 6,
      "company_NIP": "1111111111",
      "company_REGON": "111111111",
      "company_address": "",
      "company_locality": "",
      "company_name": "",
      "company_postal_code": ""
    }
  },
  {
    "model": "testApp.FieldOwner",
    "pk1": 2,
    "fields": {
      "user": 7,
      "company_NIP": "1111111111",
      "company_REGON": "111111111",
      "company_address": "",
      "company_locality": "",
      "company_name": "",
      "company_postal_code": ""
    }
  },
  {
    "model": "testApp.FieldOwner",
    "pk1": 3,
    "fields": {
      "user": 8,
      "company_NIP": "1111111111",
      "company_REGON": "111111111",
      "company_address": "",
      "company_locality": "",
      "company_name": "",
      "company_postal_code": ""
    }
  },
  {
    "model": "testApp.FieldOwner",
    "pk1": 4,
    "fields": {
      "user": 9,
      "company_NIP": "1111111111",
      "company_REGON": "111111111",
      "company_address": "",
      "company_locality": "",
      "company_name": "",
      "company_postal_code": ""
    }
  },
  {
    "model": "testApp.FieldOwner",
    "pk1": 5,
    "fields": {
      "user": 10,
      "company_NIP": "1111111111",
      "company_REGON": "111111111",
      "company_address": "",
      "company_locality": "",
      "company_name": "",
      "company_postal_code": ""
    }
  },
  {
    "model": "testApp.FieldOwner",
    "pk1": 5,
    "fields": {
      "user": 11,
      "company_NIP": "1111111111",
      "company_REGON": "111111111",
      "company_address": "",
      "company_locality": "",
      "company_name": "",
      "company_postal_code": ""
    }
  }
]