[
  {
    "model": "testApp.Customer",
    "pk1": 1,
    "fields": {
      "user": 2
    }
  },
    {
    "model": "testApp.Customer",
    "pk1": 2,
    "fields": {
      "user": 3
    }
  },
    {
    "model": "testApp.Customer",
    "pk1": 3,
    "fields": {
      "user": 4
    }
  },
    {
    "model": "testApp.Customer",
    "pk1": 4,
    "fields": {
      "user": 5
    }
  },
    {
    "model": "testApp.Customer",
    "pk1": 5,
    "fields": {
      "user": 6
    }
  }
]