[
  {
    "model": "testApp.MyUser",
    "pk1": 2,
    "fields": {
      "email": "klient1@test.pl",
      "first_name": "Karol",
      "last_name": "Abacki",
      "password": "password",
      "phone_number": "111111111"
    }
  },
  {
    "model": "testApp.MyUser",
    "pk1": 3,
    "fields": {
      "email": "klient2@test.pl",
      "first_name": "Norman",
      "last_name": "Terlecki",
      "password": "password",
      "phone_number": "222222222"
    }
  },
    {
    "model": "testApp.MyUser",
    "pk1": 4,
    "fields": {
      "email": "klient3@test.pl",
      "first_name": "Janusz",
      "last_name": "Kwiatkowski",
      "password": "password",
      "phone_number": "333333333"
    }
  },
    {
    "model": "testApp.MyUser",
    "pk1": 5,
    "fields": {
      "email": "klient4@test.pl",
      "first_name": "Maciek",
      "last_name": "Klanowy",
      "password": "password",
      "phone_number": "444444444"
    }
  },
    {
    "model": "testApp.MyUser",
    "pk1": 6,
    "fields": {
      "email": "klient5@test.pl",
      "first_name": "Rysio",
      "last_name": "Klanowy",
      "password": "password",
      "phone_number": "555555555"
    }
  },
    {
    "model": "testApp.MyUser",
    "pk1": 7,
    "fields": {
      "email": "wlasciciel1@test.pl",
      "first_name": "Wonsz",
      "last_name": "Rzeczny",
      "password": "password",
      "phone_number": "666666666"
    }
  },
    {
    "model": "testApp.MyUser",
    "pk1": 8,
    "fields": {
      "email": "wlasciciel2@test.pl",
      "first_name": "Adam",
      "last_name": "Adamowski",
      "password": "password",
      "phone_number": "777777777"
    }
  },
    {
    "model": "testApp.MyUser",
    "pk1": 9,
    "fields": {
      "email": "wlasciciel3@test.pl",
      "first_name": "Danuta",
      "last_name": "Orłowska",
      "password": "password",
      "phone_number": "888888888"
    }
  },
    {
    "model": "testApp.MyUser",
    "pk1": 10,
    "fields": {
      "email": "wlasciciel4@test.pl",
      "first_name": "Anna",
      "last_name": "Stochel",
      "password": "password",
      "phone_number": "999999999"
    }
  },
    {
    "model": "testApp.MyUser",
    "pk1": 11,
    "fields": {
      "email": "wlasciciel5@test.pl",
      "first_name": "Pawel",
      "last_name": "Kubelowski",
      "password": "password",
      "phone_number": "123123123"
    }
  }
]